host_time,elapsed_s,latency_s,uptime_ms
1789242140.819,7.9,0.0147,176598
1789242150.824,17.9,0.0082,186605
1789242160.824,27.9,0.0071,196608
1789242170.829,37.9,0.0116,206615
1789242180.834,47.9,0.0124,216622
1789242190.837,57.9,0.0072,226627
1789242200.837,67.9,0.0146,236629
1789242210.845,77.9,0.0173,246640
1789242220.850,87.9,0.0154,256648
1789242230.852,97.9,0.0108,266651
1789242240.853,107.9,0.0166,276655
1789242250.854,117.9,0.0131,286657
1789242260.869,128.0,0.0106,296664
1789242270.884,138.0,0.0062,306671
1789242280.893,148.0,0.0063,316677
1789242290.900,158.0,0.0166,326684
1789242300.903,168.0,0.0088,336687
1789242310.909,178.0,0.0113,346694
1789242320.910,188.0,0.0147,356697
1789242330.914,198.0,0.0108,366703
1789242340.916,208.0,0.0073,376707
1789242350.921,218.0,0.0141,386714
1789242360.926,228.0,0.0123,396721
1789242370.929,238.0,0.0115,406726
1789242380.933,248.0,0.0162,416732
1789242390.938,258.0,0.0144,426739
1789242400.941,268.0,0.0141,436745
1789242410.946,278.0,0.0076,446751
1789242420.949,288.0,0.0131,456757
1789242430.953,298.0,0.0173,466763
1789242440.954,308.0,0.0115,476767
1789242450.957,318.0,0.0136,486772
1789242460.958,328.0,0.0101,496775
1789242470.960,338.0,0.0138,506779
1789242480.962,348.0,0.0119,516782
1789242490.962,358.0,0.0065,526785
1789242500.967,368.1,0.0067,536792
1789242510.971,378.1,0.0125,546798
1789242520.976,388.1,0.0154,556805
1789242530.980,398.1,0.0116,566811
1789242540.983,408.1,0.0132,576817
1789242550.987,418.1,0.0095,586822
1789242560.988,428.1,0.0105,596826
1789242570.993,438.1,0.0059,606832
1789242580.993,448.1,0.0102,616835
1789242590.994,458.1,0.0130,626839
1789242600.997,468.1,0.0069,636843
1789242611.003,478.1,0.0104,646851
1789242621.008,488.1,0.0121,656858
1789242631.012,498.1,0.0137,666864
1789242641.016,508.1,0.0159,676870
1789242651.018,518.1,0.0120,686875
1789242661.020,528.1,0.0108,696879
1789242671.025,538.1,0.0067,706886
1789242681.027,548.1,0.0115,716891
1789242691.030,558.1,0.0124,726895
1789242701.035,568.1,0.0121,736902
1789242711.040,578.1,0.0116,746909
1789242721.044,588.1,0.0118,756916
1789242731.049,598.1,0.0085,766922
1789242741.051,608.1,0.0074,776927
1789242751.052,618.1,0.0127,786930
1789242761.057,628.1,0.0105,796937
1789242771.061,638.1,0.0178,806943
1789242781.063,648.1,0.0081,816947
1789242791.067,658.2,0.0139,826953
1789242801.068,668.2,0.0145,836957
1789242811.070,678.2,0.0069,846960
1789242821.072,688.2,0.0137,856965
1789242831.074,698.2,0.0079,866969
1789242841.079,708.2,0.0145,876976
1789242851.084,718.2,0.0160,886983
1789242861.087,728.2,0.0106,896988
1789242871.092,738.2,0.0094,906996
1789242881.094,748.2,0.0082,917000
1789242891.094,758.2,0.0094,927002
1789242901.099,768.2,0.0117,937009
1789242911.104,778.2,0.0162,947016
1789242921.108,788.2,0.0113,957022
1789242931.113,798.2,0.0160,967029
1789242941.117,808.2,0.0096,977035
1789242951.120,818.2,0.0077,987040
1789242961.121,828.2,0.0085,997043
1789242971.121,838.2,0.0152,1007045
1789242981.126,848.2,0.0174,1017052
1789242991.131,858.2,0.0146,1027060
1789243001.133,868.2,0.0158,1037063
1789243011.136,878.2,0.0150,1047069
1789243021.139,888.2,0.0116,1057074
1789243031.141,898.2,0.0121,1067078
1789243041.141,908.2,0.0071,1077080
1789243051.144,918.2,0.0110,1087085
1789243061.145,928.2,0.0128,1097088
1789243071.149,938.2,0.0161,1107094
1789243081.152,948.2,0.0077,1117100
1789243091.156,958.2,0.0141,1127105
1789243101.160,968.2,0.0106,1137112
1789243111.164,978.2,0.0138,1147118
1789243121.166,988.2,0.0164,1157122
1789243131.169,998.3,0.0177,1167128
1789243141.174,1008.3,0.0135,1177134
1789243151.175,1018.3,0.0171,1187138
1789243161.180,1028.3,0.0145,1197145
1789243171.186,1038.3,0.0080,1207152
1789243181.188,1048.3,0.0144,1217156
1789243191.193,1058.3,0.0059,1227164
1789243201.194,1068.3,0.0078,1237167
1789243211.196,1078.3,0.0160,1247171
1789243221.201,1088.3,0.0136,1257178
1789243231.205,1098.3,0.0074,1267184
1789243241.210,1108.3,0.0125,1277191
1789243251.214,1118.3,0.0065,1287198
1789243261.216,1128.3,0.0078,1297201
1789243271.220,1138.3,0.0107,1307207
1789243281.222,1148.3,0.0079,1317212
1789243291.225,1158.3,0.0129,1327217
1789243301.226,1168.3,0.0120,1337220
1789243311.230,1178.3,0.0129,1347226
1789243321.234,1188.3,0.0159,1357233
1789243331.237,1198.3,0.0118,1367237
1789243341.241,1208.3,0.0153,1377244
1789243351.243,1218.3,0.0092,1387247
1789243361.246,1228.3,0.0153,1397253
1789243371.249,1238.3,0.0098,1407258
1789243381.254,1248.3,0.0177,1417265
1789243391.255,1258.3,0.0156,1427268
1789243401.257,1268.3,0.0081,1437272
1789243411.260,1278.3,0.0102,1447278
1789243421.263,1288.3,0.0164,1457282
1789243431.268,1298.4,0.0119,1467289
1789243441.273,1308.4,0.0155,1477296
1789243451.276,1318.4,0.0060,1487302
1789243461.278,1328.4,0.0131,1497306
1789243471.281,1338.4,0.0131,1507311
1789243481.287,1348.4,0.0118,1517319
1789243491.292,1358.4,0.0083,1527326
1789243501.296,1368.4,0.0177,1537332
1789243511.300,1378.4,0.0107,1547338
1789243521.304,1388.4,0.0151,1557345
1789243531.305,1398.4,0.0121,1567348
1789243541.310,1408.4,0.0093,1577354
1789243551.310,1418.4,0.0123,1587357
1789243561.311,1428.4,0.0161,1597360
1789243571.316,1438.4,0.0105,1607367
1789243581.316,1448.4,0.0079,1617369
1789243591.318,1458.4,0.0167,1627374
1789243601.323,1468.4,0.0109,1637380
1789243611.327,1478.4,0.0111,1647386
1789243621.332,1488.4,0.0080,1657394
1789243631.337,1498.4,0.0062,1667401
1789243641.340,1508.4,0.0092,1677406
1789243651.343,1518.4,0.0120,1687411
1789243661.344,1528.4,0.0106,1697414
1789243671.348,1538.4,0.0063,1707420
1789243681.352,1548.4,0.0077,1717426
1789243691.357,1558.4,0.0150,1727433
1789243701.361,1568.4,0.0161,1737440
1789243711.366,1578.4,0.0146,1747447
1789243721.371,1588.5,0.0087,1757454
1789243731.380,1598.5,0.0076,1767460
1789243741.383,1608.5,0.0069,1777463
1789243751.388,1618.5,0.0107,1787468
1789243761.389,1628.5,0.0174,1797471
1789243771.393,1638.5,0.0091,1807476
1789243781.396,1648.5,0.0106,1817481
1789243791.399,1658.5,0.0132,1827487
1789243801.400,1668.5,0.0087,1837489
1789243811.401,1678.5,0.0119,1847493
1789243821.406,1688.5,0.0177,1857499
1789243831.411,1698.5,0.0107,1867506
1789243841.416,1708.5,0.0073,1877514
1789243851.420,1718.5,0.0083,1887519
1789243861.422,1728.5,0.0124,1897524
1789243871.424,1738.5,0.0134,1907527
1789243881.426,1748.5,0.0067,1917532
1789243891.427,1758.5,0.0115,1927536
1789243901.429,1768.5,0.0136,1937540
1789243911.434,1778.5,0.0121,1947546
1789243921.439,1788.5,0.0152,1957554
1789243931.444,1798.5,0.0059,1967561
1789243941.448,1808.5,0.0177,1977566
1789243951.453,1818.5,0.0150,1987574
1789243961.453,1828.5,0.0153,1997576
1789243971.458,1838.5,0.0095,2007582
1789243981.463,1848.5,0.0109,2017590
1789243991.464,1858.5,0.0106,2027593
1789244001.468,1868.6,0.0121,2037599
1789244011.472,1878.6,0.0083,2047605
1789244021.473,1888.6,0.0077,2057608
1789244031.477,1898.6,0.0120,2067615
1789244041.482,1908.6,0.0065,2077622
1789244051.484,1918.6,0.0123,2087626
1789244061.488,1928.6,0.0151,2097631
1789244071.492,1938.6,0.0111,2107638
1789244081.497,1948.6,0.0143,2117645
1789244091.497,1958.6,0.0084,2127647
1789244101.501,1968.6,0.0101,2137653
1789244111.505,1978.6,0.0139,2147659
1789244121.510,1988.6,0.0171,2157666
1789244131.513,1998.6,0.0067,2167671
1789244141.513,2008.6,0.0125,2177674
1789244151.514,2018.6,0.0127,2187676
1789244161.514,2028.6,0.0136,2197679
1789244171.519,2038.6,0.0114,2207686
1789244181.524,2048.6,0.0128,2217692
1789244191.528,2058.6,0.0121,2227699
1789244201.531,2068.6,0.0154,2237704
1789244211.532,2078.6,0.0082,2247707
1789244221.535,2088.6,0.0121,2257712
1789244231.539,2098.6,0.0067,2267718
1789244241.540,2108.6,0.0178,2277722
1789244251.541,2118.6,0.0153,2287724
1789244261.546,2128.6,0.0165,2297731
1789244271.548,2138.6,0.0121,2307736
1789244281.550,2148.6,0.0160,2317740
1789244291.555,2158.6,0.0083,2327746
1789244301.560,2168.6,0.0162,2337754
1789244311.563,2178.6,0.0094,2347759
1789244321.568,2188.7,0.0069,2357766
1789244331.569,2198.7,0.0172,2367769
1789244341.574,2208.7,0.0174,2377777
1789244351.578,2218.7,0.0153,2387783
1789244361.582,2228.7,0.0107,2397788
1789244371.587,2238.7,0.0063,2407795
1789244381.591,2248.7,0.0107,2417802
1789244391.593,2258.7,0.0128,2427806
1789244401.596,2268.7,0.0063,2437811
1789244411.600,2278.7,0.0098,2447817
1789244421.605,2288.7,0.0083,2457824
1789244431.610,2298.7,0.0113,2467831
1789244441.614,2308.7,0.0138,2477837
1789244451.617,2318.7,0.0083,2487842
1789244461.621,2328.7,0.0106,2497849
1789244471.626,2338.7,0.0113,2507856
1789244481.629,2348.7,0.0124,2517860
1789244491.634,2358.7,0.0122,2527867
1789244501.639,2368.7,0.0157,2537875
1789244511.642,2378.7,0.0126,2547879
1789244521.646,2388.7,0.0105,2557886
1789244531.650,2398.7,0.0063,2567892
1789244541.655,2408.7,0.0122,2577898
1789244551.656,2418.7,0.0064,2587902
1789244561.661,2428.7,0.0157,2597909
1789244571.662,2438.7,0.0148,2607912
1789244581.666,2448.7,0.0122,2617918
1789244591.668,2458.8,0.0132,2627922
1789244601.670,2468.8,0.0097,2637926
1789244611.671,2478.8,0.0082,2647929
1789244621.675,2488.8,0.0142,2657936
1789244631.677,2498.8,0.0142,2667940
1789244641.682,2508.8,0.0077,2677947
1789244651.686,2518.8,0.0093,2687953
1789244661.690,2528.8,,
1789244671.692,2538.8,0.0184,2707963
1789244681.695,2548.8,0.0091,2717968
1789244691.698,2558.8,0.0157,2727973
1789244701.702,2568.8,0.0147,2737979
1789244711.703,2578.8,0.0079,2747983
1789244721.709,2588.8,0.0142,2757990
1789244731.713,2598.8,0.0125,2767996
1789244741.716,2608.8,0.0144,2778002
1789244751.719,2618.8,0.0093,2788006
1789244761.724,2628.8,0.0148,2798014
1789244771.729,2638.8,0.0121,2808021
1789244781.730,2648.8,0.0127,2818024
1789244791.735,2658.8,0.0070,2828031
1789244801.740,2668.8,0.0104,2838038
1789244811.745,2678.8,0.0128,2848045
1789244821.749,2688.8,0.0083,2858051
1789244831.753,2698.8,0.0140,2868057
1789244841.755,2708.8,0.0124,2878061
1789244851.756,2718.8,0.0161,2888064
1789244861.759,2728.8,0.0059,2898070
1789244871.761,2738.8,0.0175,2908073
1789244881.765,2748.8,0.0145,2918079
1789244891.768,2758.9,0.0085,2928085
1789244901.771,2768.9,0.0083,2938090
1789244911.773,2778.9,0.0128,2948094
1789244921.775,2788.9,0.0121,2958098
1789244931.779,2798.9,0.0125,2968104
1789244941.780,2808.9,0.0155,2978108
1789244951.785,2818.9,0.0067,2988114
1789244961.790,2828.9,0.0091,2998121
1789244971.793,2838.9,0.0138,3008127
1789244981.798,2848.9,0.0169,3018134
1789244991.802,2858.9,0.0138,3028139
1789245001.806,2868.9,0.0167,3038145
1789245011.811,2878.9,0.0097,3048152
1789245021.815,2888.9,0.0092,3058159
1789245031.819,2898.9,0.0111,3068165
1789245041.825,2908.9,0.0105,3078173
1789245051.830,2918.9,0.0118,3088180
1789245061.832,2928.9,0.0129,3098185
1789245071.833,2938.9,0.0158,3108188
1789245081.837,2948.9,0.0058,3118193
1789245091.842,2958.9,0.0120,3128200
1789245101.846,2968.9,0.0115,3138207
1789245111.848,2978.9,0.0156,3148210
1789245121.851,2988.9,0.0131,3158216
1789245131.852,2998.9,0.0078,3168219
1789245141.855,3008.9,0.0135,3178224
1789245151.858,3018.9,0.0076,3188229
1789245161.861,3028.9,0.0134,3198234
1789245171.865,3038.9,0.0071,3208241
1789245181.870,3049.0,0.0138,3218247
1789245191.874,3059.0,0.0123,3228254
1789245201.876,3069.0,0.0115,3238258
1789245211.878,3079.0,0.0058,3248263
1789245221.883,3089.0,0.0064,3258270
1789245231.885,3099.0,0.0120,3268274
1789245241.885,3109.0,0.0122,3278276
1789245251.887,3119.0,0.0166,3288281
1789245261.891,3129.0,0.0129,3298286
1789245271.894,3139.0,0.0120,3308292
1789245281.899,3149.0,0.0063,3318299
1789245291.901,3159.0,0.0068,3328303
1789245301.904,3169.0,0.0126,3338308
1789245311.905,3179.0,0.0157,3348311
1789245321.908,3189.0,0.0100,3358316
1789245331.913,3199.0,0.0071,3368323
1789245341.916,3209.0,0.0120,3378329
1789245351.921,3219.0,0.0060,3388335
1789245361.926,3229.0,0.0099,3398342
1789245371.931,3239.0,0.0120,3408349
1789245381.936,3249.0,0.0119,3418356
1789245391.939,3259.0,0.0176,3428362
1789245401.943,3269.0,0.0156,3438367
1789245411.947,3279.0,0.0117,3448374
1789245421.951,3289.0,0.0119,3458380
1789245431.956,3299.0,0.0123,3468387
1789245441.961,3309.0,0.0172,3478395
1789245451.965,3319.0,0.0081,3488400
1789245461.969,3329.1,0.0080,3498407
1789245471.971,3339.1,0.0083,3508411
1789245481.973,3349.1,0.0113,3518414
1789245491.977,3359.1,0.0077,3528421
1789245501.982,3369.1,0.0068,3538427
1789245511.986,3379.1,0.0166,3548434
1789245521.987,3389.1,0.0114,3558437
1789245531.989,3399.1,0.0067,3568441
1789245541.993,3409.1,0.0138,3578447
1789245551.997,3419.1,0.0127,3588453
1789245562.002,3429.1,0.0165,3598461
1789245572.007,3439.1,0.0120,3608467
1789245582.011,3449.1,0.0121,3618474
1789245592.016,3459.1,0.0096,3628480
1789245602.020,3469.1,0.0061,3638486
1789245612.020,3479.1,0.0125,3648489
1789245622.024,3489.1,0.0132,3658495
1789245632.029,3499.1,0.0064,3668502
1789245642.033,3509.1,0.0106,3678508
1789245652.036,3519.1,0.0061,3688514
1789245662.042,3529.1,0.0174,3698521
1789245672.043,3539.1,0.0168,3708524
1789245682.047,3549.1,0.0068,3718530
1789245692.052,3559.1,0.0145,3728538
1789245702.057,3569.1,0.0158,3738545
1789245712.059,3579.1,0.0145,3748549
1789245722.061,3589.1,0.0125,3758553
1789245732.063,3599.1,0.0111,3768557
1789245742.068,3609.2,0.0094,3778564
1789245752.072,3619.2,0.0129,3788570
1789245762.076,3629.2,0.0148,3798576
1789245772.081,3639.2,0.0076,3808583
1789245782.085,3649.2,0.0126,3818589
1789245792.088,3659.2,0.0089,3828594
1789245802.093,3669.2,0.0068,3838601
1789245812.097,3679.2,0.0168,3848608
1789245822.101,3689.2,,
1789245832.106,3699.2,0.0145,3868621
1789245842.110,3709.2,0.0098,3878627
1789245852.111,3719.2,0.0121,3888630
1789245862.116,3729.2,0.0062,3898637
1789245872.121,3739.2,0.0136,3908644
1789245882.125,3749.2,0.0213,3918656
1789245892.126,3759.2,0.0082,3928654
1789245902.130,3769.2,0.0107,3938659
1789245912.132,3779.2,0.0090,3948664
1789245922.136,3789.2,0.0119,3958669
1789245932.139,3799.2,0.0138,3968674
1789245942.139,3809.2,0.0086,3978677
1789245952.144,3819.2,0.0072,3988685
1789245962.146,3829.2,0.0099,3998688
1789245972.151,3839.2,0.0088,4008695
1789245982.154,3849.2,0.0106,4018700
1789245992.159,3859.2,0.0080,4028707
1789246002.164,3869.2,0.0122,4038714
1789246012.167,3879.2,0.0163,4048719
1789246022.171,3889.3,0.0072,4058725
1789246032.175,3899.3,0.0079,4068731
1789246042.180,3909.3,0.0121,4078738
1789246052.184,3919.3,0.0090,4088744
1789246062.189,3929.3,0.0083,4098751
1789246072.194,3939.3,0.0103,4108758
1789246082.197,3949.3,0.0109,4118764
1789246092.201,3959.3,0.0122,4128770
1789246102.206,3969.3,0.0127,4138776
1789246112.210,3979.3,0.0099,4148783
1789246122.215,3989.3,0.0120,4158790
1789246132.217,3999.3,0.0123,4168795
1789246142.222,4009.3,0.0062,4178802
1789246152.228,4019.3,0.0076,4188809
1789246162.230,4029.3,0.0150,4198813
1789246172.234,4039.3,0.0121,4208820
1789246182.235,4049.3,0.0121,4218823
1789246192.240,4059.3,0.0139,4228829
1789246202.243,4069.3,0.0118,4238835
1789246212.248,4079.3,0.0116,4248842
1789246222.253,4089.3,0.0102,4258849
1789246232.254,4099.3,0.0093,4268852
1789246242.255,4109.3,0.0151,4278855
1789246252.259,4119.3,0.0135,4288861
1789246262.259,4129.3,0.0160,4298864
1789246272.260,4139.3,0.0136,4308867
1789246282.262,4149.3,0.0077,4318871
1789246292.265,4159.3,0.0060,4328875
1789246302.269,4169.4,0.0125,4338882
1789246312.270,4179.4,0.0090,4348885
1789246322.271,4189.4,0.0070,4358888
1789246332.276,4199.4,0.0162,4368895
1789246342.277,4209.4,0.0102,4378898
1789246352.282,4219.4,0.0104,4388905
1789246362.286,4229.4,0.0163,4398911
1789246372.291,4239.4,0.0126,4408918
1789246382.296,4249.4,0.0116,4418925
1789246392.300,4259.4,0.0082,4428932
1789246402.305,4269.4,0.0157,4438939
1789246412.306,4279.4,0.0114,4448942
1789246422.311,4289.4,0.0122,4458948
1789246432.314,4299.4,0.0122,4468954
1789246442.315,4309.4,0.0117,4478956
1789246452.317,4319.4,0.0117,4488961
1789246462.321,4329.4,0.0068,4498967
1789246472.325,4339.4,0.0151,4508973
1789246482.330,4349.4,0.0115,4518980
1789246492.335,4359.4,0.0115,4528988
1789246502.336,4369.4,0.0103,4538991
1789246512.340,4379.4,0.0120,4548997
1789246522.341,4389.4,0.0161,4559000
1789246532.346,4399.4,0.0062,4569007
1789246542.351,4409.4,0.0107,4579014
1789246552.356,4419.4,0.0122,4589021
1789246562.359,4429.4,0.0118,4599027
1789246572.363,4439.4,0.0114,4609032
1789246582.368,4449.5,0.0120,4619039
1789246592.372,4459.5,0.0127,4629045
1789246602.377,4469.5,0.0105,4639052
1789246612.381,4479.5,0.0162,4649058
1789246622.385,4489.5,0.0151,4659065
1789246632.389,4499.5,0.0174,4669071
1789246642.394,4509.5,0.0113,4679078
1789246652.398,4519.5,0.0164,4689084
1789246662.401,4529.5,0.0166,4699091
1789246672.403,4539.5,0.0138,4709097
1789246682.405,4549.5,0.0122,4719103
1789246692.405,4559.5,0.0063,4729105
1789246702.408,4569.5,0.0070,4739111
1789246712.412,4579.5,0.0075,4749118
1789246722.416,4589.5,0.0062,4759123
1789246732.421,4599.5,0.0108,4769130
1789246742.424,4609.5,0.0131,4779136
1789246752.428,4619.5,0.0100,4789142
1789246762.431,4629.5,0.0068,4799148
1789246772.436,4639.5,0.0107,4809154
1789246782.441,4649.5,0.0145,4819161
1789246792.446,4659.5,0.0120,4829168
1789246802.451,4669.5,0.0175,4839175
1789246812.453,4679.5,0.0070,4849179
1789246822.455,4689.5,0.0120,4859184
1789246832.458,4699.5,,
1789246842.462,4709.5,0.0093,4879195
1789246852.467,4719.6,0.0133,4889202
1789246862.469,4729.6,0.0117,4899206
1789246872.472,4739.6,0.0141,4909211
1789246882.475,4749.6,0.0117,4919216
1789246892.479,4759.6,0.0119,4929223
1789246902.482,4769.6,0.0164,4939228
1789246912.485,4779.6,0.0120,4949233
1789246922.490,4789.6,0.0119,4959239
1789246932.495,4799.6,0.0179,4969247
1789246942.496,4809.6,0.0122,4979250
1789246952.499,4819.6,0.0178,4989255
1789246962.502,4829.6,0.0145,4999260
1789246972.507,4839.6,0.0170,5009267
1789246982.511,4849.6,0.0168,5019273
1789246992.513,4859.6,0.0162,5029278
1789247002.518,4869.6,0.0067,5039285
1789247012.521,4879.6,0.0119,5049290
1789247022.523,4889.6,0.0064,5059294
1789247032.527,4899.6,0.0132,5069300
1789247042.529,4909.6,0.0124,5079304
1789247052.535,4919.6,0.0132,5089312
1789247062.537,4929.6,0.0120,5099316
1789247072.539,4939.6,0.0079,5109320
1789247082.540,4949.6,0.0133,5119324
1789247092.542,4959.6,0.0089,5129327
1789247102.545,4969.6,0.0135,5139333
1789247112.551,4979.6,0.0086,5149340
1789247122.555,4989.6,0.0085,5159347
1789247132.557,4999.6,0.0092,5169351
1789247142.562,5009.6,0.0067,5179358
1789247152.567,5019.7,0.0132,5189365
1789247162.569,5029.7,0.0064,5199369
1789247172.572,5039.7,0.0148,5209375
1789247182.573,5049.7,0.0060,5219378
1789247192.575,5059.7,0.0130,5229381
1789247202.580,5069.7,0.0104,5239388
1789247212.583,5079.7,0.0098,5249394
1789247222.589,5089.7,0.0148,5259402
1789247232.592,5099.7,0.0060,5269407
1789247242.596,5109.7,0.0162,5279414
1789247252.601,5119.7,0.0090,5289420
1789247262.605,5129.7,0.0059,5299426
1789247272.607,5139.7,0.0147,5309430
1789247282.611,5149.7,0.0111,5319437
1789247292.616,5159.7,0.0091,5329443
1789247302.621,5169.7,0.0116,5339451
1789247312.626,5179.7,0.0126,5349458
1789247322.631,5189.7,0.0107,5359465
1789247332.635,5199.7,0.0135,5369471
1789247342.635,5209.7,0.0164,5379473
1789247352.638,5219.7,0.0072,5389478
1789247362.642,5229.7,0.0164,5399485
1789247372.643,5239.7,0.0061,5409488
1789247382.648,5249.7,0.0066,5419495
1789247392.653,5259.7,0.0158,5429502
1789247402.654,5269.7,0.0165,5439505
1789247412.655,5279.7,0.0100,5449508
1789247422.656,5289.7,0.0133,5459511
1789247432.661,5299.7,0.0155,5469518
1789247442.664,5309.7,0.0075,5479523
1789247452.665,5319.7,0.0127,5489526
1789247462.669,5329.8,0.0103,5499533
1789247472.671,5339.8,0.0158,5509537
1789247482.674,5349.8,0.0147,5519542
1789247492.679,5359.8,0.0128,5529549
1789247502.680,5369.8,0.0148,5539552
1789247512.682,5379.8,0.0176,5549556
1789247522.683,5389.8,0.0123,5559560
1789247532.688,5399.8,0.0082,5569567
1789247542.689,5409.8,0.0123,5579570
1789247552.691,5419.8,0.0104,5589574
1789247562.694,5429.8,0.0175,5599579
1789247572.699,5439.8,0.0062,5609586
1789247582.704,5449.8,0.0116,5619593
1789247592.705,5459.8,0.0156,5629595
1789247602.710,5469.8,0.0145,5639603
1789247612.711,5479.8,0.0194,5649607
1789247622.717,5489.8,0.0124,5659614
1789247632.722,5499.8,0.0107,5669621
1789247642.724,5509.8,0.0105,5679626
1789247652.729,5519.8,0.0122,5689633
1789247662.735,5529.8,0.0080,5699640
1789247672.739,5539.8,0.0178,5709647
1789247682.743,5549.8,0.0068,5719652
1789247692.745,5559.8,0.0105,5729657
1789247702.746,5569.8,0.0104,5739660
1789247712.751,5579.8,0.0107,5749668
1789247722.756,5589.8,0.0108,5759674
1789247732.759,5599.8,0.0069,5769679
1789247742.764,5609.8,0.0107,5779686
1789247752.765,5619.8,0.0058,5789690
1789247762.768,5629.9,0.0106,5799695
1789247772.772,5639.9,0.0167,5809701
1789247782.776,5649.9,0.0120,5819707
1789247792.777,5659.9,0.0059,5829710
1789247802.779,5669.9,0.0136,5839714
1789247812.782,5679.9,0.0060,5849720
1789247822.783,5689.9,0.0109,5859722
1789247832.785,5699.9,0.0116,5869726
1789247842.786,5709.9,0.0175,5879730
1789247852.791,5719.9,0.0114,5889737
1789247862.796,5729.9,0.0142,5899744
1789247872.800,5739.9,0.0098,5909750
1789247882.801,5749.9,,
1789247892.803,5759.9,0.0145,5929758
1789247902.808,5769.9,0.0062,5939764
1789247912.809,5779.9,0.0099,5949768
1789247922.811,5789.9,0.0158,5959772
1789247932.815,5799.9,0.0104,5969778
1789247942.820,5809.9,0.0085,5979785
1789247952.823,5819.9,0.0120,5989790
1789247962.828,5829.9,0.0091,5999797
1789247972.829,5839.9,0.0158,6009800
1789247982.834,5849.9,0.0112,6019808
1789247992.836,5859.9,0.0159,6029811
1789248002.840,5869.9,0.0104,6039817
1789248012.843,5879.9,0.0087,6049822
1789248022.847,5889.9,0.0085,6059828
1789248032.851,5899.9,0.0063,6069835
1789248042.852,5909.9,0.0089,6079838
1789248052.857,5919.9,0.0073,6089845
1789248062.858,5929.9,0.0059,6099848
1789248072.860,5939.9,0.0073,6109853
1789248082.865,5949.9,0.0122,6119859
1789248092.867,5959.9,0.0106,6129863
1789248102.868,5970.0,0.0120,6139866
1789248112.872,5980.0,0.0134,6149872
1789248122.874,5990.0,0.0128,6159877
1789248132.874,6000.0,0.0150,6169880
1789248142.874,6010.0,0.0076,6179885
1789248152.874,6020.0,0.0102,6189889
1789248162.874,6030.0,0.0087,6199892
1789248172.877,6040.0,0.0141,6209898
1789248182.882,6050.0,0.0058,6219905
1789248192.887,6060.0,0.0119,6229912
1789248202.889,6070.0,0.0097,6239916
1789248212.894,6080.0,0.0177,6249923
1789248222.894,6090.0,0.0156,6259926
1789248232.898,6100.0,0.0119,6269932
1789248242.903,6110.0,0.0116,6279939
1789248252.906,6120.0,0.0106,6289945
1789248262.907,6130.0,0.0120,6299948
1789248272.910,6140.0,0.0077,6309952
1789248282.914,6150.0,0.0066,6319959
1789248292.918,6160.0,0.0148,6329965
1789248302.921,6170.0,0.0179,6339970
1789248312.926,6180.0,0.0107,6349978
1789248322.931,6190.0,0.0089,6359984
1789248332.931,6200.0,0.0140,6369986
1789248342.933,6210.0,0.0076,6379990
1789248352.935,6220.0,0.0129,6389994
1789248362.935,6230.0,0.0078,6399997
1789248372.940,6240.0,0.0121,6410003
1789248382.945,6250.0,0.0120,6420010
1789248392.948,6260.0,0.0130,6430016
1789248402.952,6270.0,0.0062,6440022
1789248412.952,6280.0,,
1789248422.958,6290.0,0.0116,6460032
1789248432.963,6300.0,0.0121,6470039
1789248442.967,6310.1,0.0147,6480046
1789248452.972,6320.1,0.0110,6490053
1789248462.974,6330.1,0.0163,6500056
1789248472.974,6340.1,0.0123,6510059
1789248482.975,6350.1,0.0076,6520062
1789248492.977,6360.1,0.0120,6530066
1789248502.982,6370.1,0.0147,6540074
1789248512.987,6380.1,0.0129,6550081
1789248522.988,6390.1,0.0094,6560083
1789248532.992,6400.1,0.0130,6570090
1789248542.997,6410.1,0.0108,6580097
1789248552.999,6420.1,0.0129,6590101
1789248563.004,6430.1,0.0151,6600108
1789248573.009,6440.1,0.0127,6610115
1789248583.014,6450.1,0.0070,6620122
1789248593.019,6460.1,0.0158,6630130
1789248603.024,6470.1,0.0065,6640137
1789248613.028,6480.1,0.0118,6650143
1789248623.033,6490.1,0.0074,6660150
1789248633.038,6500.1,0.0097,6670157
1789248643.041,6510.1,0.0105,6680162
1789248653.042,6520.1,0.0108,6690165
1789248663.046,6530.1,0.0105,6700171
1789248673.048,6540.1,0.0120,6710175
1789248683.053,6550.1,0.0121,6720183
1789248693.057,6560.1,0.0094,6730189
1789248703.058,6570.1,0.0151,6740192
1789248713.059,6580.1,0.0120,6750195
1789248723.063,6590.1,0.0156,6760201
1789248733.066,6600.1,0.0105,6770207
1789248743.072,6610.2,0.0172,6780214
1789248753.076,6620.2,0.0111,6790220
1789248763.080,6630.2,0.0099,6800227
1789248773.081,6640.2,0.0118,6810230
1789248783.086,6650.2,0.0164,6820237
1789248793.090,6660.2,0.0059,6830243
1789248803.095,6670.2,0.0081,6840250
1789248813.098,6680.2,,
1789248823.099,6690.2,0.0156,6860259
1789248833.105,6700.2,0.0121,6870266
1789248843.106,6710.2,0.0103,6880270
1789248853.110,6720.2,0.0078,6890276
1789248863.115,6730.2,0.0123,6900283
1789248873.119,6740.2,0.0091,6910290
1789248883.122,6750.2,0.0090,6920294
1789248893.127,6760.2,0.0060,6930301
1789248903.129,6770.2,0.0089,6940306
1789248913.133,6780.2,0.0109,6950312
1789248923.138,6790.2,0.0117,6960318
1789248933.141,6800.2,0.0089,6970324
1789248943.145,6810.2,0.0107,6980330
1789248953.147,6820.2,0.0162,6990334
1789248963.151,6830.2,0.0117,7000340
1789248973.155,6840.2,0.0116,7010346
1789248983.158,6850.2,0.0138,7020351
1789248993.161,6860.2,0.0135,7030357
1789249003.166,6870.2,0.0103,7040364
1789249013.171,6880.3,0.0090,7050371
1789249023.176,6890.3,0.0099,7060378
1789249033.178,6900.3,0.0124,7070382
1789249043.182,6910.3,0.0119,7080389
1789249053.186,6920.3,0.0060,7090395
1789249063.189,6930.3,0.0120,7100399
1789249073.194,6940.3,0.0095,7110406
1789249083.198,6950.3,0.0117,7120413
1789249093.202,6960.3,0.0105,7130418
1789249103.202,6970.3,0.0062,7140421
1789249113.206,6980.3,0.0124,7150427
1789249123.210,6990.3,0.0139,7160433
1789249133.215,7000.3,0.0118,7170440
1789249143.220,7010.3,0.0098,7180447
1789249153.220,7020.3,0.0143,7190450
1789249163.220,7030.3,0.0085,7200452
1789249173.225,7040.3,0.0157,7210459
1789249183.229,7050.3,0.0124,7220465
1789249193.234,7060.3,0.0093,7230472
1789249203.238,7070.3,0.0087,7240479
1789249213.243,7080.3,0.0157,7250485
1789249223.247,7090.3,0.0106,7260492
1789249233.250,7100.3,0.0172,7270496
1789249243.255,7110.3,0.0125,7280504
1789249253.259,7120.3,0.0152,7290510
1789249263.264,7130.3,0.0077,7300517
1789249273.266,7140.3,0.0093,7310521
1789249283.268,7150.4,0.0082,7320526
1789249293.272,7160.4,0.0103,7330531
1789249303.274,7170.4,0.0105,7340536
1789249313.277,7180.4,0.0080,7350541
1789249323.280,7190.4,0.0149,7360546
